game_id,season,week,home_team,away_team,home_spread_close,predicted_home_cover_prob,predicted_side,actual_home_covered,correct,ol_mismatch_flag,fold
2019_15_ATL_SF,2019,15,SF,ATL,10.5,0.2651072,away,False,1.0,0,1
2019_15_BUF_PIT,2019,15,PIT,BUF,1.0,0.3152796,away,False,1.0,0,1
2019_15_CHI_GB,2019,15,GB,CHI,4.0,0.44032285,away,True,0.0,0,1
2019_15_CLE_ARI,2019,15,ARI,CLE,-3.0,0.47241548,away,True,0.0,0,1
2019_15_DEN_KC,2019,15,KC,DEN,10.0,0.43333894,away,True,0.0,0,1
2019_15_HOU_TEN,2019,15,TEN,HOU,3.0,0.53215486,home,False,0.0,0,1
2019_15_IND_NO,2019,15,NO,IND,8.0,0.3079108,away,True,0.0,0,1
2019_15_JAX_OAK,2019,15,OAK,JAX,7.0,0.32264793,away,False,1.0,0,1
2019_15_LA_DAL,2019,15,DAL,LA,-1.0,0.5634773,home,True,1.0,0,1
2019_15_MIA_NYG,2019,15,NYG,MIA,3.5,0.5459178,home,True,1.0,0,1
2019_15_MIN_LAC,2019,15,LAC,MIN,-1.0,0.45855233,away,False,1.0,0,1
2019_15_NE_CIN,2019,15,CIN,NE,-10.5,0.6472903,home,False,0.0,0,1
2019_15_NYJ_BAL,2019,15,BAL,NYJ,17.0,0.50292563,home,True,1.0,0,1
2019_15_PHI_WAS,2019,15,WAS,PHI,-7.0,0.24563813,away,False,1.0,0,1
2019_15_SEA_CAR,2019,15,CAR,SEA,-6.0,0.27355286,away,,,0,1
2019_15_TB_DET,2019,15,DET,TB,-5.5,0.8812073,home,False,0.0,0,1
2019_16_ARI_SEA,2019,16,SEA,ARI,8.0,0.30485213,away,False,1.0,0,1
2019_16_BAL_CLE,2019,16,CLE,BAL,-9.5,0.16123728,away,False,1.0,0,1
2019_16_BUF_NE,2019,16,NE,BUF,7.0,0.28051245,away,,,0,1
2019_16_CAR_IND,2019,16,IND,CAR,7.5,0.25934288,away,True,0.0,0,1
2019_16_CIN_MIA,2019,16,MIA,CIN,-1.5,0.32750025,away,True,0.0,0,1
2019_16_DAL_PHI,2019,16,PHI,DAL,-2.0,0.36286172,away,True,0.0,0,1
2019_16_DET_DEN,2019,16,DEN,DET,9.5,0.3186071,away,True,0.0,0,1
2019_16_GB_MIN,2019,16,MIN,GB,4.0,0.5427454,home,False,0.0,0,1
2019_16_HOU_TB,2019,16,TB,HOU,-3.0,0.5068521,home,,,0,1
2019_16_JAX_ATL,2019,16,ATL,JAX,7.5,0.718246,home,True,1.0,0,1
2019_16_KC_CHI,2019,16,CHI,KC,-6.5,0.5476603,home,False,0.0,0,1
2019_16_LA_SF,2019,16,SF,LA,7.0,0.3855854,away,False,1.0,0,1
2019_16_NO_TEN,2019,16,TEN,NO,-3.5,0.22037269,away,False,1.0,0,1
2019_16_NYG_WAS,2019,16,WAS,NYG,-1.0,0.35287255,away,False,1.0,0,1
2019_16_OAK_LAC,2019,16,LAC,OAK,7.5,0.68040496,home,False,0.0,0,1
2019_16_PIT_NYJ,2019,16,NYJ,PIT,-3.0,0.26308328,away,True,0.0,0,1
2019_17_ARI_LA,2019,17,LA,ARI,7.0,0.28791243,away,,,0,1
2019_17_ATL_TB,2019,17,TB,ATL,1.0,0.38241243,away,False,1.0,0,1
2019_17_CHI_MIN,2019,17,MIN,CHI,-5.5,0.41955376,away,True,0.0,0,1
2019_17_CLE_CIN,2019,17,CIN,CLE,-2.5,0.43720543,away,True,0.0,0,1
2019_17_GB_DET,2019,17,DET,GB,-13.5,0.79949236,home,True,1.0,0,1
2019_17_IND_JAX,2019,17,JAX,IND,-5.0,0.42614862,away,True,0.0,0,1
2019_17_LAC_KC,2019,17,KC,LAC,10.0,0.19818047,away,,,0,1
2019_17_MIA_NE,2019,17,NE,MIA,17.5,0.4097301,away,False,1.0,0,1
2019_17_NO_CAR,2019,17,CAR,NO,-13.5,0.21023917,away,False,1.0,0,1
2019_17_NYJ_BUF,2019,17,BUF,NYJ,-1.5,0.5370527,home,False,0.0,0,1
2019_17_OAK_DEN,2019,17,DEN,OAK,5.5,0.20996447,away,False,1.0,0,1
2019_17_PHI_NYG,2019,17,NYG,PHI,-4.0,0.16795309,away,False,1.0,0,1
2019_17_PIT_BAL,2019,17,BAL,PIT,-2.0,0.25124496,away,True,0.0,0,1
2019_17_SF_SEA,2019,17,SEA,SF,-3.5,0.5454202,home,False,0.0,0,1
2019_17_TEN_HOU,2019,17,HOU,TEN,-10.0,0.57177025,home,False,0.0,0,1
2019_17_WAS_DAL,2019,17,DAL,WAS,13.0,0.52624416,home,True,1.0,0,1
2020_15_BUF_DEN,2020,15,DEN,BUF,-5.5,0.08515629,away,False,1.0,0,2
2020_15_CAR_GB,2020,15,GB,CAR,9.5,0.19965869,away,False,1.0,0,2
2020_15_CHI_MIN,2020,15,MIN,CHI,2.5,0.7154236,home,False,0.0,0,2
2020_15_CLE_NYG,2020,15,NYG,CLE,-6.0,0.18294325,away,False,1.0,0,2
2020_15_DET_TEN,2020,15,TEN,DET,9.5,0.6528799,home,True,1.0,0,2
2020_15_HOU_IND,2020,15,IND,HOU,7.5,0.33903405,away,False,1.0,0,2
2020_15_JAX_BAL,2020,15,BAL,JAX,13.0,0.10875728,away,True,0.0,0,2
2020_15_KC_NO,2020,15,NO,KC,-2.5,0.061220635,away,False,1.0,0,2
2020_15_LAC_LV,2020,15,LV,LAC,3.5,0.8468061,home,False,0.0,0,2
2020_15_NE_MIA,2020,15,MIA,NE,-1.5,0.63479596,home,True,1.0,0,2
2020_15_NYJ_LA,2020,15,LA,NYJ,17.5,0.6311911,home,False,0.0,0,2
2020_15_PHI_ARI,2020,15,ARI,PHI,6.5,0.40799695,away,True,0.0,0,2
2020_15_PIT_CIN,2020,15,CIN,PIT,-14.5,0.657439,home,True,1.0,0,2
2020_15_SEA_WAS,2020,15,WAS,SEA,-6.0,0.15252474,away,True,0.0,0,2
2020_15_SF_DAL,2020,15,DAL,SF,-4.0,0.60605174,home,True,1.0,0,2
2020_15_TB_ATL,2020,15,ATL,TB,-6.0,0.5203292,home,True,1.0,0,2
2020_16_ATL_KC,2020,16,KC,ATL,11.0,0.6490646,home,False,0.0,0,2
2020_16_BUF_NE,2020,16,NE,BUF,-7.0,0.18522881,away,False,1.0,0,2
2020_16_CAR_WAS,2020,16,WAS,CAR,-1.0,0.0953983,away,False,1.0,0,2
2020_16_CHI_JAX,2020,16,JAX,CHI,-9.5,0.7921265,home,False,0.0,0,2
2020_16_CIN_HOU,2020,16,HOU,CIN,7.5,0.80011094,home,False,0.0,0,2
2020_16_CLE_NYJ,2020,16,NYJ,CLE,-6.5,0.22271787,away,True,0.0,0,2
2020_16_DEN_LAC,2020,16,LAC,DEN,2.5,0.76146287,home,True,1.0,0,2
2020_16_IND_PIT,2020,16,PIT,IND,-1.0,0.348218,away,True,0.0,0,2
2020_16_LA_SEA,2020,16,SEA,LA,1.5,0.26537177,away,True,0.0,0,2
2020_16_MIA_LV,2020,16,LV,MIA,-2.0,0.8296212,home,True,1.0,0,2
2020_16_MIN_NO,2020,16,NO,MIN,6.5,0.15452276,away,True,0.0,0,2
2020_16_NYG_BAL,2020,16,BAL,NYG,10.0,0.17294246,away,True,0.0,0,2
2020_16_PHI_DAL,2020,16,DAL,PHI,-3.0,0.5727677,home,True,1.0,0,2
2020_16_SF_ARI,2020,16,ARI,SF,6.0,0.34678555,away,False,1.0,0,2
2020_16_TB_DET,2020,16,DET,TB,-12.0,0.630984,home,False,0.0,0,2
2020_16_TEN_GB,2020,16,GB,TEN,3.0,0.22622526,away,True,0.0,0,2
2020_17_ARI_LA,2020,17,LA,ARI,1.0,0.20101337,away,True,0.0,0,2
2020_17_ATL_TB,2020,17,TB,ATL,7.5,0.47058675,away,True,0.0,0,2
2020_17_BAL_CIN,2020,17,CIN,BAL,-13.5,0.54547626,home,False,0.0,0,2
2020_17_DAL_NYG,2020,17,NYG,DAL,-1.5,0.43490273,away,True,0.0,0,2
2020_17_GB_CHI,2020,17,CHI,GB,-4.5,0.27147803,away,False,1.0,0,2
2020_17_JAX_IND,2020,17,IND,JAX,15.5,0.38242355,away,False,1.0,0,2
2020_17_LAC_KC,2020,17,KC,LAC,-7.0,0.6818433,home,False,0.0,0,2
2020_17_LV_DEN,2020,17,DEN,LV,-2.5,0.17561053,away,True,0.0,0,2
2020_17_MIA_BUF,2020,17,BUF,MIA,-3.5,0.5146513,home,True,1.0,0,2
2020_17_MIN_DET,2020,17,DET,MIN,-3.0,0.5364925,home,True,1.0,0,2
2020_17_NO_CAR,2020,17,CAR,NO,-6.0,0.55602926,home,False,0.0,0,2
2020_17_NYJ_NE,2020,17,NE,NYJ,3.0,0.6102793,home,True,1.0,0,2
2020_17_PIT_CLE,2020,17,CLE,PIT,10.5,0.6256729,home,False,0.0,0,2
2020_17_SEA_SF,2020,17,SF,SEA,-7.0,0.21018928,away,True,0.0,0,2
2020_17_TEN_HOU,2020,17,HOU,TEN,-7.0,0.2996755,away,True,0.0,0,2
2020_17_WAS_PHI,2020,17,PHI,WAS,-6.5,0.3203008,away,True,0.0,0,2
2021_15_ARI_DET,2021,15,DET,ARI,-13.0,0.42812964,away,True,0.0,0,3
2021_15_ATL_SF,2021,15,SF,ATL,9.5,0.64077646,home,True,1.0,0,3
2021_15_CAR_BUF,2021,15,BUF,CAR,14.0,0.48325995,away,True,0.0,0,3
2021_15_CIN_DEN,2021,15,DEN,CIN,3.0,0.41918257,away,False,1.0,0,3
2021_15_DAL_NYG,2021,15,NYG,DAL,-11.5,0.7925444,home,False,0.0,0,3
2021_15_GB_BAL,2021,15,BAL,GB,-9.5,0.4078667,away,True,0.0,0,3
2021_15_HOU_JAX,2021,15,JAX,HOU,6.0,0.58432066,home,False,0.0,0,3
2021_15_KC_LAC,2021,15,LAC,KC,-3.0,0.39465797,away,False,1.0,0,3
2021_15_LV_CLE,2021,15,CLE,LV,-3.0,0.2946235,away,True,0.0,0,3
2021_15_MIN_CHI,2021,15,CHI,MIN,-7.0,0.45246735,away,False,1.0,0,3
2021_15_NE_IND,2021,15,IND,NE,-1.0,0.41627106,away,True,0.0,0,3
2021_15_NO_TB,2021,15,TB,NO,11.5,0.6876105,home,False,0.0,0,3
2021_15_NYJ_MIA,2021,15,MIA,NYJ,10.5,0.68389964,home,False,0.0,0,3
2021_15_SEA_LA,2021,15,LA,SEA,7.5,0.39487398,away,True,0.0,0,3
2021_15_TEN_PIT,2021,15,PIT,TEN,1.0,0.6000671,home,True,1.0,0,3
2021_15_WAS_PHI,2021,15,PHI,WAS,10.0,0.23302771,away,,,0,3
2021_16_BAL_CIN,2021,16,CIN,BAL,7.5,0.31131905,away,True,0.0,0,3
2021_16_BUF_NE,2021,16,NE,BUF,1.0,0.32909837,away,False,1.0,0,3
2021_16_CHI_SEA,2021,16,SEA,CHI,7.0,0.47198105,away,False,1.0,0,3
2021_16_CLE_GB,2021,16,GB,CLE,7.5,0.33230385,away,False,1.0,0,3
2021_16_DEN_LV,2021,16,LV,DEN,-1.0,0.8478566,home,True,1.0,0,3
2021_16_DET_ATL,2021,16,ATL,DET,7.5,0.7299476,home,False,0.0,0,3
2021_16_IND_ARI,2021,16,ARI,IND,3.0,0.6076579,home,False,0.0,0,3
2021_16_JAX_NYJ,2021,16,NYJ,JAX,2.5,0.7379992,home,True,1.0,0,3
2021_16_LAC_HOU,2021,16,HOU,LAC,-13.5,0.8299438,home,True,1.0,0,3
2021_16_LA_MIN,2021,16,MIN,LA,-3.5,0.157383,away,False,1.0,0,3
2021_16_MIA_NO,2021,16,NO,MIA,-3.0,0.5913799,home,False,0.0,0,3
2021_16_NYG_PHI,2021,16,PHI,NYG,11.0,0.286609,away,True,0.0,0,3
2021_16_PIT_KC,2021,16,KC,PIT,10.5,0.47505173,away,True,0.0,0,3
2021_16_SF_TEN,2021,16,TEN,SF,-3.5,0.28439376,away,True,0.0,0,3
2021_16_TB_CAR,2021,16,CAR,TB,-11.5,0.5146034,home,False,0.0,0,3
2021_16_WAS_DAL,2021,16,DAL,WAS,10.5,0.58273995,home,True,1.0,0,3
2021_17_ARI_DAL,2021,17,DAL,ARI,6.5,0.41104954,away,False,1.0,0,3
2021_17_ATL_BUF,2021,17,BUF,ATL,14.0,0.6244851,home,,,0,3
2021_17_CAR_NO,2021,17,NO,CAR,7.0,0.5997488,home,True,1.0,0,3
2021_17_CLE_PIT,2021,17,PIT,CLE,-1.0,0.4364504,away,True,0.0,0,3
2021_17_DEN_LAC,2021,17,LAC,DEN,8.0,0.6108946,home,True,1.0,0,3
2021_17_DET_SEA,2021,17,SEA,DET,8.5,0.61470276,home,True,1.0,0,3
2021_17_HOU_SF,2021,17,SF,HOU,14.0,0.45330086,away,True,0.0,0,3
2021_17_JAX_NE,2021,17,NE,JAX,17.5,0.42109415,away,True,0.0,0,3
2021_17_KC_CIN,2021,17,CIN,KC,-3.5,0.19818462,away,True,0.0,0,3
2021_17_LA_BAL,2021,17,BAL,LA,-7.0,0.46996573,away,True,0.0,0,3
2021_17_LV_IND,2021,17,IND,LV,8.5,0.3011971,away,False,1.0,0,3
2021_17_MIA_TEN,2021,17,TEN,MIA,3.0,0.20680724,away,True,0.0,0,3
2021_17_MIN_GB,2021,17,GB,MIN,13.0,0.51423115,home,True,1.0,0,3
2021_17_NYG_CHI,2021,17,CHI,NYG,7.0,0.54988164,home,True,1.0,0,3
2021_17_PHI_WAS,2021,17,WAS,PHI,-6.5,0.29030803,away,True,0.0,0,3
2021_17_TB_NYJ,2021,17,NYJ,TB,-14.5,0.5835562,home,True,1.0,0,3
2021_18_CAR_TB,2021,18,TB,CAR,11.0,0.5580781,home,True,1.0,0,3
2021_18_CHI_MIN,2021,18,MIN,CHI,3.5,0.49761933,away,True,0.0,0,3
2021_18_CIN_CLE,2021,18,CLE,CIN,6.5,0.2690068,away,False,1.0,0,3
2021_18_DAL_PHI,2021,18,PHI,DAL,-6.5,0.24859466,away,False,1.0,0,3
2021_18_GB_DET,2021,18,DET,GB,-4.0,0.48261604,away,True,0.0,0,3
2021_18_IND_JAX,2021,18,JAX,IND,-14.0,0.603747,home,True,1.0,0,3
2021_18_KC_DEN,2021,18,DEN,KC,-11.5,0.26773712,away,True,0.0,0,3
2021_18_LAC_LV,2021,18,LV,LAC,-3.5,0.78106606,home,True,1.0,0,3
2021_18_NE_MIA,2021,18,MIA,NE,-6.0,0.52938545,home,True,1.0,0,3
2021_18_NO_ATL,2021,18,ATL,NO,-4.5,0.7009682,home,False,0.0,0,3
2021_18_NYJ_BUF,2021,18,BUF,NYJ,16.0,0.53062475,home,True,1.0,0,3
2021_18_PIT_BAL,2021,18,BAL,PIT,3.0,0.6791698,home,False,0.0,0,3
2021_18_SEA_ARI,2021,18,ARI,SEA,5.5,0.49439934,away,False,1.0,0,3
2021_18_SF_LA,2021,18,LA,SF,3.0,0.34682307,away,False,1.0,0,3
2021_18_TEN_HOU,2021,18,HOU,TEN,-10.5,0.75921893,home,True,1.0,0,3
2021_18_WAS_NYG,2021,18,NYG,WAS,-6.0,0.7020756,home,False,0.0,0,3
2022_15_ARI_DEN,2022,15,DEN,ARI,1.5,0.614131,home,True,1.0,0,4
2022_15_ATL_NO,2022,15,NO,ATL,5.0,0.8047858,home,False,0.0,0,4
2022_15_BAL_CLE,2022,15,CLE,BAL,2.5,0.5151651,home,True,1.0,0,4
2022_15_CIN_TB,2022,15,TB,CIN,-3.5,0.5446724,home,False,0.0,0,4
2022_15_DAL_JAX,2022,15,JAX,DAL,-4.0,0.5070104,home,True,1.0,0,4
2022_15_DET_NYJ,2022,15,NYJ,DET,2.0,0.29629973,away,False,1.0,0,4
2022_15_IND_MIN,2022,15,MIN,IND,3.5,0.600444,home,False,0.0,0,4
2022_15_KC_HOU,2022,15,HOU,KC,-14.5,0.70719063,home,True,1.0,0,4
2022_15_LA_GB,2022,15,GB,LA,8.0,0.6198231,home,True,1.0,0,4
2022_15_MIA_BUF,2022,15,BUF,MIA,7.0,0.44680366,away,False,1.0,0,4
2022_15_NE_LV,2022,15,LV,NE,1.0,0.4396556,away,True,0.0,0,4
2022_15_NYG_WAS,2022,15,WAS,NYG,4.5,0.5304822,home,False,0.0,0,4
2022_15_PHI_CHI,2022,15,CHI,PHI,-8.5,0.40110216,away,True,0.0,0,4
2022_15_PIT_CAR,2022,15,CAR,PIT,2.5,0.7559559,home,False,0.0,0,4
2022_15_SF_SEA,2022,15,SEA,SF,-3.0,0.3899545,away,False,1.0,0,4
2022_15_TEN_LAC,2022,15,LAC,TEN,3.0,0.38562837,away,,,0,4
2022_16_ATL_BAL,2022,16,BAL,ATL,6.5,0.765038,home,True,1.0,0,4
2022_16_BUF_CHI,2022,16,CHI,BUF,-8.0,0.4789051,away,False,1.0,0,4
2022_16_CIN_NE,2022,16,NE,CIN,-3.0,0.3101054,away,False,1.0,0,4
2022_16_DEN_LA,2022,16,LA,DEN,-3.0,0.6397445,home,True,1.0,0,4
2022_16_DET_CAR,2022,16,CAR,DET,-2.5,0.331837,away,True,0.0,0,4
2022_16_GB_MIA,2022,16,MIA,GB,3.5,0.3964075,away,False,1.0,0,4
2022_16_HOU_TEN,2022,16,TEN,HOU,3.0,0.5424491,home,False,0.0,0,4
2022_16_JAX_NYJ,2022,16,NYJ,JAX,2.5,0.1938883,away,False,1.0,0,4
2022_16_LAC_IND,2022,16,IND,LAC,-3.5,0.6846951,home,False,0.0,0,4
2022_16_LV_PIT,2022,16,PIT,LV,2.5,0.71324134,home,True,1.0,0,4
2022_16_NO_CLE,2022,16,CLE,NO,3.0,0.22870429,away,False,1.0,0,4
2022_16_NYG_MIN,2022,16,MIN,NYG,4.5,0.7738598,home,False,0.0,0,4
2022_16_PHI_DAL,2022,16,DAL,PHI,4.0,0.18626425,away,True,0.0,0,4
2022_16_SEA_KC,2022,16,KC,SEA,10.5,0.52890545,home,True,1.0,0,4
2022_16_TB_ARI,2022,16,ARI,TB,-7.5,0.5237187,home,True,1.0,0,4
2022_16_WAS_SF,2022,16,SF,WAS,6.5,0.787735,home,True,1.0,0,4
2022_17_ARI_ATL,2022,17,ATL,ARI,7.0,0.58795804,home,False,0.0,0,4
2022_17_CAR_TB,2022,17,TB,CAR,3.5,0.54346603,home,True,1.0,0,4
2022_17_CHI_DET,2022,17,DET,CHI,4.5,0.7192066,home,True,1.0,0,4
2022_17_CLE_WAS,2022,17,WAS,CLE,1.0,0.5807075,home,False,0.0,0,4
2022_17_DAL_TEN,2022,17,TEN,DAL,-14.0,0.65833104,home,,,0,4
2022_17_DEN_KC,2022,17,KC,DEN,13.5,0.572294,home,False,0.0,0,4
2022_17_IND_NYG,2022,17,NYG,IND,5.5,0.7077469,home,True,1.0,0,4
2022_17_JAX_HOU,2022,17,HOU,JAX,-3.5,0.41909537,away,False,1.0,0,4
2022_17_LA_LAC,2022,17,LAC,LA,6.5,0.7134291,home,True,1.0,0,4
2022_17_MIA_NE,2022,17,NE,MIA,3.0,0.32796726,away,False,1.0,0,4
2022_17_MIN_GB,2022,17,GB,MIN,3.0,0.44844157,away,True,0.0,0,4
2022_17_NO_PHI,2022,17,PHI,NO,5.5,0.16251424,away,False,1.0,0,4
2022_17_NYJ_SEA,2022,17,SEA,NYJ,-1.0,0.7243044,home,True,1.0,0,4
2022_17_PIT_BAL,2022,17,BAL,PIT,1.0,0.64813703,home,False,0.0,0,4
2022_17_SF_LV,2022,17,LV,SF,-10.0,0.37090707,away,True,0.0,0,4
2022_18_ARI_SF,2022,18,SF,ARI,14.0,0.5980122,home,True,1.0,0,4
2022_18_BAL_CIN,2022,18,CIN,BAL,11.0,0.738104,home,,,0,4
2022_18_CAR_NO,2022,18,NO,CAR,3.5,0.6081426,home,False,0.0,0,4
2022_18_CLE_PIT,2022,18,PIT,CLE,2.5,0.7198083,home,True,1.0,0,4
2022_18_DAL_WAS,2022,18,WAS,DAL,-7.5,0.37228075,away,True,0.0,0,4
2022_18_DET_GB,2022,18,GB,DET,5.5,0.25545737,away,False,1.0,0,4
2022_18_HOU_IND,2022,18,IND,HOU,3.0,0.5141302,home,False,0.0,0,4
2022_18_KC_LV,2022,18,LV,KC,-9.0,0.40960953,away,False,1.0,0,4
2022_18_LAC_DEN,2022,18,DEN,LAC,6.0,0.65429986,home,False,0.0,0,4
2022_18_LA_SEA,2022,18,SEA,LA,5.5,0.85398895,home,False,0.0,0,4
2022_18_MIN_CHI,2022,18,CHI,MIN,-6.5,0.64883214,home,False,0.0,0,4
2022_18_NE_BUF,2022,18,BUF,NE,8.0,0.40457982,away,True,0.0,0,4
2022_18_NYG_PHI,2022,18,PHI,NYG,16.5,0.4847577,away,False,1.0,0,4
2022_18_NYJ_MIA,2022,18,MIA,NYJ,3.5,0.391365,away,True,0.0,0,4
2022_18_TB_ATL,2022,18,ATL,TB,6.0,0.4586446,away,True,0.0,0,4
2022_18_TEN_JAX,2022,18,JAX,TEN,6.0,0.49526122,away,False,1.0,0,4
2023_15_ATL_CAR,2023,15,CAR,ATL,-3.0,0.66003233,home,True,1.0,0,5
2023_15_BAL_JAX,2023,15,JAX,BAL,-4.0,0.615319,home,False,0.0,0,5
2023_15_CHI_CLE,2023,15,CLE,CHI,3.0,0.76907986,home,,,0,5
2023_15_DAL_BUF,2023,15,BUF,DAL,2.0,0.4183428,away,True,0.0,0,5
2023_15_DEN_DET,2023,15,DET,DEN,5.5,0.38991174,away,True,0.0,0,5
2023_15_HOU_TEN,2023,15,TEN,HOU,3.0,0.5208217,home,False,0.0,0,5
2023_15_KC_NE,2023,15,NE,KC,-10.0,0.84615827,home,,,0,5
2023_15_LAC_LV,2023,15,LV,LAC,3.0,0.23024455,away,True,0.0,0,5
2023_15_MIN_CIN,2023,15,CIN,MIN,3.0,0.43505162,away,,,0,5
2023_15_NYG_NO,2023,15,NO,NYG,6.0,0.47247317,away,True,0.0,0,5
2023_15_NYJ_MIA,2023,15,MIA,NYJ,7.5,0.6787743,home,True,1.0,0,5
2023_15_PHI_SEA,2023,15,SEA,PHI,-5.0,0.21780731,away,True,0.0,0,5
2023_15_PIT_IND,2023,15,IND,PIT,1.5,0.7145494,home,True,1.0,0,5
2023_15_SF_ARI,2023,15,ARI,SF,-12.5,0.51519215,home,False,0.0,0,5
2023_15_TB_GB,2023,15,GB,TB,4.0,0.49431747,away,False,1.0,0,5
2023_15_WAS_LA,2023,15,LA,WAS,6.5,0.5045264,home,True,1.0,0,5
2023_16_ARI_CHI,2023,16,CHI,ARI,4.5,0.8031796,home,True,1.0,0,5
2023_16_BAL_SF,2023,16,SF,BAL,6.5,0.5202472,home,False,0.0,0,5
2023_16_BUF_LAC,2023,16,LAC,BUF,-13.0,0.7033479,home,True,1.0,0,5
2023_16_CIN_PIT,2023,16,PIT,CIN,-3.0,0.15468624,away,True,0.0,0,5
2023_16_CLE_HOU,2023,16,HOU,CLE,-3.0,0.71161914,home,False,0.0,0,5
2023_16_DAL_MIA,2023,16,MIA,DAL,1.5,0.34871873,away,True,0.0,0,5
2023_16_DET_MIN,2023,16,MIN,DET,-2.5,0.24735892,away,False,1.0,0,5
2023_16_GB_CAR,2023,16,CAR,GB,-3.5,0.19479427,away,True,0.0,0,5
2023_16_IND_ATL,2023,16,ATL,IND,3.0,0.4335494,away,True,0.0,0,5
2023_16_JAX_TB,2023,16,TB,JAX,-2.0,0.6188194,home,True,1.0,0,5
2023_16_LV_KC,2023,16,KC,LV,11.0,0.7248155,home,False,0.0,0,5
2023_16_NE_DEN,2023,16,DEN,NE,7.0,0.67292833,home,False,0.0,0,5
2023_16_NO_LA,2023,16,LA,NO,4.0,0.50256974,home,True,1.0,0,5
2023_16_NYG_PHI,2023,16,PHI,NYG,14.0,0.76491064,home,False,0.0,0,5
2023_16_SEA_TEN,2023,16,TEN,SEA,-3.0,0.5795145,home,,,0,5
2023_16_WAS_NYJ,2023,16,NYJ,WAS,3.0,0.52614504,home,False,0.0,0,5
2023_17_ARI_PHI,2023,17,PHI,ARI,12.0,0.91786575,home,False,0.0,0,5
2023_17_ATL_CHI,2023,17,CHI,ATL,3.0,0.64599216,home,True,1.0,0,5
2023_17_CAR_JAX,2023,17,JAX,CAR,3.5,0.59622306,home,True,1.0,0,5
2023_17_CIN_KC,2023,17,KC,CIN,7.5,0.38666856,away,True,0.0,0,5
2023_17_DET_DAL,2023,17,DAL,DET,5.5,0.2674435,away,False,1.0,0,5
2023_17_GB_MIN,2023,17,MIN,GB,1.0,0.10409115,away,False,1.0,0,5
2023_17_LAC_DEN,2023,17,DEN,LAC,3.5,0.41835982,away,True,0.0,0,5
2023_17_LA_NYG,2023,17,NYG,LA,-6.0,0.49007845,away,True,0.0,0,5
2023_17_LV_IND,2023,17,IND,LV,3.5,0.7495533,home,False,0.0,0,5
2023_17_MIA_BAL,2023,17,BAL,MIA,3.0,0.3345944,away,True,0.0,0,5
2023_17_NE_BUF,2023,17,BUF,NE,15.0,0.6624027,home,False,0.0,0,5
2023_17_NO_TB,2023,17,TB,NO,2.5,0.545013,home,False,0.0,0,5
2023_17_NYJ_CLE,2023,17,CLE,NYJ,6.5,0.7412034,home,True,1.0,0,5
2023_17_PIT_SEA,2023,17,SEA,PIT,4.5,0.4126814,away,False,1.0,0,5
2023_17_SF_WAS,2023,17,WAS,SF,-14.0,0.7151188,home,False,0.0,0,5
2023_17_TEN_HOU,2023,17,HOU,TEN,5.0,0.5035346,home,True,1.0,0,5
2023_18_ATL_NO,2023,18,NO,ATL,3.5,0.5961559,home,True,1.0,0,5
2023_18_BUF_MIA,2023,18,MIA,BUF,-2.5,0.32356718,away,False,1.0,0,5
2023_18_CHI_GB,2023,18,GB,CHI,2.5,0.8691212,home,True,1.0,0,5
2023_18_CLE_CIN,2023,18,CIN,CLE,7.5,0.5564316,home,True,1.0,0,5
2023_18_DAL_WAS,2023,18,WAS,DAL,-13.0,0.50691986,home,False,0.0,0,5
2023_18_DEN_LV,2023,18,LV,DEN,3.5,0.20646206,away,True,0.0,0,5
2023_18_HOU_IND,2023,18,IND,HOU,-1.5,0.30238616,away,False,1.0,0,5
2023_18_JAX_TEN,2023,18,TEN,JAX,-3.5,0.63201505,home,True,1.0,0,5
2023_18_KC_LAC,2023,18,LAC,KC,3.5,0.78754234,home,False,0.0,0,5
2023_18_LA_SF,2023,18,SF,LA,5.5,0.38248384,away,False,1.0,0,5
2023_18_MIN_DET,2023,18,DET,MIN,3.5,0.6260149,home,True,1.0,0,5
2023_18_NYJ_NE,2023,18,NE,NYJ,2.5,0.749868,home,False,0.0,0,5
2023_18_PHI_NYG,2023,18,NYG,PHI,-4.5,0.33321753,away,True,0.0,0,5
2023_18_PIT_BAL,2023,18,BAL,PIT,-3.0,0.41441253,away,False,1.0,0,5
2023_18_SEA_ARI,2023,18,ARI,SEA,-2.5,0.37192824,away,True,0.0,0,5
2023_18_TB_CAR,2023,18,CAR,TB,-5.0,0.30305913,away,False,1.0,0,5
2024_15_ATL_LV,2024,15,LV,ATL,-6.5,0.6698368,home,True,1.0,0,6
2024_15_BAL_NYG,2024,15,NYG,BAL,-16.5,0.49125502,away,False,1.0,0,6
2024_15_BUF_DET,2024,15,DET,BUF,2.5,0.36771053,away,False,1.0,0,6
2024_15_CHI_MIN,2024,15,MIN,CHI,7.0,0.61182886,home,True,1.0,0,6
2024_15_CIN_TEN,2024,15,TEN,CIN,-6.0,0.5216204,home,False,0.0,0,6
2024_15_DAL_CAR,2024,15,CAR,DAL,2.5,0.7836293,home,False,0.0,0,6
2024_15_GB_SEA,2024,15,SEA,GB,-3.0,0.39427057,away,False,1.0,0,6
2024_15_IND_DEN,2024,15,DEN,IND,4.5,0.66450554,home,True,1.0,0,6
2024_15_KC_CLE,2024,15,CLE,KC,-4.5,0.71099305,home,False,0.0,0,6
2024_15_LA_SF,2024,15,SF,LA,3.0,0.28124273,away,False,1.0,0,6
2024_15_MIA_HOU,2024,15,HOU,MIA,2.5,0.4198765,away,True,0.0,0,6
2024_15_NE_ARI,2024,15,ARI,NE,6.0,0.52688456,home,True,1.0,0,6
2024_15_NYJ_JAX,2024,15,JAX,NYJ,-3.5,0.7602499,home,False,0.0,0,6
2024_15_PIT_PHI,2024,15,PHI,PIT,5.5,0.44492877,away,True,0.0,0,6
2024_15_TB_LAC,2024,15,LAC,TB,3.0,0.339742,away,False,1.0,0,6
2024_15_WAS_NO,2024,15,NO,WAS,-7.5,0.50004417,home,True,1.0,0,6
2024_16_ARI_CAR,2024,16,CAR,ARI,-5.5,0.7411406,home,True,1.0,0,6
2024_16_CLE_CIN,2024,16,CIN,CLE,10.0,0.25043872,away,True,0.0,0,6
2024_16_DEN_LAC,2024,16,LAC,DEN,3.0,0.66609186,home,True,1.0,0,6
2024_16_DET_CHI,2024,16,CHI,DET,-7.0,0.4429033,away,False,1.0,0,6
2024_16_HOU_KC,2024,16,KC,HOU,3.5,0.65714574,home,True,1.0,0,6
2024_16_JAX_LV,2024,16,LV,JAX,2.5,0.5363105,home,True,1.0,0,6
2024_16_LA_NYJ,2024,16,NYJ,LA,-3.0,0.5331147,home,False,0.0,0,6
2024_16_MIN_SEA,2024,16,SEA,MIN,-2.5,0.46625012,away,False,1.0,0,6
2024_16_NE_BUF,2024,16,BUF,NE,14.0,0.8379362,home,False,0.0,0,6
2024_16_NO_GB,2024,16,GB,NO,14.0,0.79759914,home,True,1.0,0,6
2024_16_NYG_ATL,2024,16,ATL,NYG,9.5,0.57229996,home,True,1.0,0,6
2024_16_PHI_WAS,2024,16,WAS,PHI,-4.0,0.63602436,home,True,1.0,0,6
2024_16_PIT_BAL,2024,16,BAL,PIT,7.0,0.62354565,home,True,1.0,0,6
2024_16_SF_MIA,2024,16,MIA,SF,-2.0,0.8065128,home,True,1.0,0,6
2024_16_TB_DAL,2024,16,DAL,TB,-4.5,0.444316,away,True,0.0,0,6
2024_16_TEN_IND,2024,16,IND,TEN,4.0,0.551249,home,True,1.0,0,6
2024_17_ARI_LA,2024,17,LA,ARI,6.5,0.6301577,home,False,0.0,0,6
2024_17_ATL_WAS,2024,17,WAS,ATL,3.5,0.4902103,away,True,0.0,0,6
2024_17_BAL_HOU,2024,17,HOU,BAL,-5.5,0.42094898,away,False,1.0,0,6
2024_17_CAR_TB,2024,17,TB,CAR,9.5,0.6107203,home,True,1.0,0,6
2024_17_DAL_PHI,2024,17,PHI,DAL,7.5,0.5616136,home,True,1.0,0,6
2024_17_DEN_CIN,2024,17,CIN,DEN,3.5,0.7377728,home,True,1.0,0,6
2024_17_DET_SF,2024,17,SF,DET,-4.0,0.18578836,away,False,1.0,0,6
2024_17_GB_MIN,2024,17,MIN,GB,-1.0,0.5536908,home,True,1.0,0,6
2024_17_IND_NYG,2024,17,NYG,IND,-7.5,0.5495029,home,True,1.0,0,6
2024_17_KC_PIT,2024,17,PIT,KC,-3.0,0.40846795,away,False,1.0,0,6
2024_17_LAC_NE,2024,17,NE,LAC,-6.0,0.37566775,away,False,1.0,0,6
2024_17_LV_NO,2024,17,NO,LV,-2.0,0.5593491,home,False,0.0,0,6
2024_17_MIA_CLE,2024,17,CLE,MIA,-3.0,0.5563437,home,False,0.0,0,6
2024_17_NYJ_BUF,2024,17,BUF,NYJ,10.0,0.8683859,home,True,1.0,0,6
2024_17_SEA_CHI,2024,17,CHI,SEA,-3.5,0.89659226,home,True,1.0,0,6
2024_17_TEN_JAX,2024,17,JAX,TEN,-1.0,0.6665698,home,True,1.0,0,6
2024_18_BUF_NE,2024,18,NE,BUF,-3.0,0.2824837,away,True,0.0,0,6
2024_18_CAR_ATL,2024,18,ATL,CAR,7.5,0.5084118,home,False,0.0,0,6
2024_18_CHI_GB,2024,18,GB,CHI,10.0,0.5601221,home,False,0.0,0,6
2024_18_CIN_PIT,2024,18,PIT,CIN,-2.5,0.4923756,away,True,0.0,0,6
2024_18_CLE_BAL,2024,18,BAL,CLE,19.5,0.49118525,away,True,0.0,0,6
2024_18_HOU_TEN,2024,18,TEN,HOU,2.5,0.69127107,home,False,0.0,0,6
2024_18_JAX_IND,2024,18,IND,JAX,3.5,0.47856778,away,False,1.0,0,6
2024_18_KC_DEN,2024,18,DEN,KC,10.5,0.5543554,home,True,1.0,0,6
2024_18_LAC_LV,2024,18,LV,LAC,-7.0,0.77848977,home,False,0.0,0,6
2024_18_MIA_NYJ,2024,18,NYJ,MIA,1.5,0.52763796,home,True,1.0,0,6
2024_18_MIN_DET,2024,18,DET,MIN,3.0,0.55439216,home,True,1.0,0,6
2024_18_NO_TB,2024,18,TB,NO,14.5,0.34212092,away,False,1.0,0,6
2024_18_NYG_PHI,2024,18,PHI,NYG,3.0,0.5502663,home,True,1.0,0,6
2024_18_SEA_LA,2024,18,LA,SEA,-7.5,0.49994195,away,True,0.0,0,6
2024_18_SF_ARI,2024,18,ARI,SF,4.5,0.35848704,away,True,0.0,0,6
2024_18_WAS_DAL,2024,18,DAL,WAS,-7.0,0.49357086,away,True,0.0,0,6
2025_15_ARI_HOU,2025,15,HOU,ARI,10.5,0.39188364,away,True,0.0,0,7
2025_15_ATL_TB,2025,15,TB,ATL,6.0,0.9356292,home,False,0.0,0,7
2025_15_BAL_CIN,2025,15,CIN,BAL,-2.5,0.47297746,away,False,1.0,0,7
2025_15_BUF_NE,2025,15,NE,BUF,-2.5,0.59865326,home,False,0.0,0,7
2025_15_CAR_NO,2025,15,NO,CAR,-2.5,0.2862554,away,True,0.0,0,7
2025_15_CLE_CHI,2025,15,CHI,CLE,7.5,0.53080285,home,True,1.0,0,7
2025_15_DET_LA,2025,15,LA,DET,5.5,0.6645506,home,True,1.0,0,7
2025_15_GB_DEN,2025,15,DEN,GB,-1.5,0.7354302,home,True,1.0,0,7
2025_15_IND_SEA,2025,15,SEA,IND,13.5,0.54837465,home,False,0.0,0,7
2025_15_LAC_KC,2025,15,KC,LAC,5.5,0.5677887,home,False,0.0,0,7
2025_15_LV_PHI,2025,15,PHI,LV,12.5,0.2527571,away,True,0.0,0,7
2025_15_MIA_PIT,2025,15,PIT,MIA,3.0,0.69938886,home,True,1.0,0,7
2025_15_MIN_DAL,2025,15,DAL,MIN,5.5,0.88909274,home,False,0.0,0,7
2025_15_NYJ_JAX,2025,15,JAX,NYJ,13.5,0.5290686,home,True,1.0,0,7
2025_15_TEN_SF,2025,15,SF,TEN,12.5,0.49624953,away,True,0.0,0,7
2025_15_WAS_NYG,2025,15,NYG,WAS,2.5,0.51971704,home,False,0.0,0,7
2025_16_ATL_ARI,2025,16,ARI,ATL,-2.5,0.8039466,home,False,0.0,0,7
2025_16_BUF_CLE,2025,16,CLE,BUF,-10.5,0.35008043,away,True,0.0,0,7
2025_16_CIN_MIA,2025,16,MIA,CIN,-3.5,0.6238396,home,False,0.0,0,7
2025_16_GB_CHI,2025,16,CHI,GB,1.5,0.6940542,home,True,1.0,0,7
2025_16_JAX_DEN,2025,16,DEN,JAX,3.5,0.7980653,home,False,0.0,0,7
2025_16_KC_TEN,2025,16,TEN,KC,-3.5,0.45612612,away,True,0.0,0,7
2025_16_LAC_DAL,2025,16,DAL,LAC,1.5,0.87282044,home,False,0.0,0,7
2025_16_LA_SEA,2025,16,SEA,LA,1.5,0.32775688,away,False,1.0,0,7
2025_16_LV_HOU,2025,16,HOU,LV,14.5,0.3990611,away,False,1.0,0,7
2025_16_MIN_NYG,2025,16,NYG,MIN,-2.5,0.822029,home,False,0.0,0,7
2025_16_NE_BAL,2025,16,BAL,NE,3.5,0.5231572,home,False,0.0,0,7
2025_16_NYJ_NO,2025,16,NO,NYJ,6.5,0.41234344,away,True,0.0,0,7
2025_16_PHI_WAS,2025,16,WAS,PHI,-7.0,0.8333704,home,False,0.0,0,7
2025_16_PIT_DET,2025,16,DET,PIT,7.5,0.6084602,home,False,0.0,0,7
2025_16_SF_IND,2025,16,IND,SF,-4.5,0.6954484,home,False,0.0,0,7
2025_16_TB_CAR,2025,16,CAR,TB,-3.0,0.2682272,away,True,0.0,0,7
2025_17_ARI_CIN,2025,17,CIN,ARI,7.0,0.6446278,home,True,1.0,0,7
2025_17_BAL_GB,2025,17,GB,BAL,2.5,0.8196048,home,False,0.0,0,7
2025_17_CHI_SF,2025,17,SF,CHI,3.5,0.4565865,away,True,0.0,0,7
2025_17_DAL_WAS,2025,17,WAS,DAL,-8.5,0.42392066,away,True,0.0,0,7
2025_17_DEN_KC,2025,17,KC,DEN,-13.5,0.6998347,home,True,1.0,0,7
2025_17_DET_MIN,2025,17,MIN,DET,-7.0,0.28228572,away,True,0.0,0,7
2025_17_HOU_LAC,2025,17,LAC,HOU,1.5,0.66450155,home,False,0.0,0,7
2025_17_JAX_IND,2025,17,IND,JAX,-3.5,0.82630974,home,False,0.0,0,7
2025_17_LA_ATL,2025,17,ATL,LA,-7.5,0.20454642,away,True,0.0,0,7
2025_17_NE_NYJ,2025,17,NYJ,NE,-12.5,0.6407572,home,False,0.0,0,7
2025_17_NO_TEN,2025,17,TEN,NO,-1.5,0.6164733,home,False,0.0,0,7
2025_17_NYG_LV,2025,17,LV,NYG,-3.0,0.48211676,away,False,1.0,0,7
2025_17_PHI_BUF,2025,17,BUF,PHI,3.0,0.6733589,home,False,0.0,0,7
2025_17_PIT_CLE,2025,17,CLE,PIT,-4.5,0.5598229,home,True,1.0,0,7
2025_17_SEA_CAR,2025,17,CAR,SEA,-6.5,0.75896364,home,False,0.0,0,7
2025_17_TB_MIA,2025,17,MIA,TB,-5.5,0.41440934,away,True,0.0,0,7
2025_18_ARI_LA,2025,18,LA,ARI,14.5,0.7306426,home,True,1.0,0,7
2025_18_BAL_PIT,2025,18,PIT,BAL,-4.5,0.5564945,home,True,1.0,0,7
2025_18_CAR_TB,2025,18,TB,CAR,3.0,0.8523607,home,False,0.0,0,7
2025_18_CLE_CIN,2025,18,CIN,CLE,9.5,0.689753,home,False,0.0,0,7
2025_18_DAL_NYG,2025,18,NYG,DAL,-3.0,0.1999021,away,True,0.0,0,7
2025_18_DET_CHI,2025,18,CHI,DET,3.5,0.62918717,home,False,0.0,0,7
2025_18_GB_MIN,2025,18,MIN,GB,12.5,0.564003,home,True,1.0,0,7
2025_18_IND_HOU,2025,18,HOU,IND,9.5,0.4260869,away,False,1.0,0,7
2025_18_KC_LV,2025,18,LV,KC,-3.5,0.44804096,away,True,0.0,0,7
2025_18_LAC_DEN,2025,18,DEN,LAC,14.5,0.7960898,home,True,1.0,0,7
2025_18_MIA_NE,2025,18,NE,MIA,14.0,0.59164566,home,True,1.0,0,7
2025_18_NO_ATL,2025,18,ATL,NO,4.5,0.57349014,home,False,0.0,0,7
2025_18_NYJ_BUF,2025,18,BUF,NYJ,12.5,0.36141306,away,True,0.0,0,7
2025_18_SEA_SF,2025,18,SF,SEA,-2.5,0.8530202,home,False,0.0,0,7
2025_18_TEN_JAX,2025,18,JAX,TEN,12.5,0.7832173,home,True,1.0,0,7
2025_18_WAS_PHI,2025,18,PHI,WAS,3.0,0.5607991,home,False,0.0,0,7
